grammarId,no,sourceRow,sourceExpression,expression,variants,reading,meaningJa,meaningZh,connection,nuanceJa,nuanceZh,conversationExamples,listeningExample,readingExample,similarGrammarIds,differencesJa,differencesZh,commonMistakes,chineseSpeakerNotes,substitutionTemplate,reviewStatus,reviewFlags,reviewerNotes,approvalChecklist,finalDecision
n2g-001,1,2,〜あげく,〜あげく,,,,,,,,色々な店を回ったあげく、結局最初の店で買いました。 / 何時間も悩んだあげく、今日の試合は欠場することにしました。,さんざん道に迷ったあげく、集合時間に遅れてしまって…。,長時間の議論のあげく、計画は中止という結論に至った。,,,,良い結果に使うと不自然（×合格したあげく喜んだ） / 名詞は「の」が必要（×苦労あげく）,,,draft,verify_zh;verify_examples;verify_quiz,,意味|中国語|接続|ニュアンス|例文|類似差分|問題正解|誤答理由|会話自然さ|N2レベル,
n2g-002,2,3,〜あまり,〜あまり,,,,,,,,緊張のあまり、自己紹介を噛んでしまいました。 / 試合に集中するあまり、水分補給を忘れていました。,うれしさのあまり、涙が出ちゃって。,責任を感じるあまり、彼は体調を崩してしまった。,,,,,,,draft,verify_zh;verify_examples;verify_quiz,,意味|中国語|接続|ニュアンス|例文|類似差分|問題正解|誤答理由|会話自然さ|N2レベル,
n2g-003,3,4,〜以上は,〜以上は,,,,,,,,N2を目指す以上は、毎日少しでも練習しようと思います。 / 参加すると決めた以上は、最後まで responsibly やり切ります。,引き受けた以上は、途中で投げ出せないよね。,社会人である以上、締め切りは守るべきだ。,,,,,,,draft,verify_zh;verify_examples;verify_quiz,,意味|中国語|接続|ニュアンス|例文|類似差分|問題正解|誤答理由|会話自然さ|N2レベル,
n2g-004,4,5,〜一方/一方で,〜一方/一方で,,,,,,,,文法は得意な一方で、会話はまだ苦手です。 / 仕事は忙しい一方で、週末は必ず休むようにしています。,試合には勝てた一方で、課題も見つかったよ。,都市の人口が増える一方で、地方では減少が続いている。,,,,,,,draft,verify_zh;verify_examples;verify_quiz,,意味|中国語|接続|ニュアンス|例文|類似差分|問題正解|誤答理由|会話自然さ|N2レベル,
n2g-005,5,6,〜一方だ,〜一方だ,,,,,,,,練習を続けているので、実力は上がる一方です。 / 最近、円安で輸入品の値段は上がる一方だ。,ここ数年、参加者は増える一方なんですよ。,高齢化が進み、医療費は増える一方である。,,,,,,,draft,verify_zh;verify_examples;verify_quiz,,意味|中国語|接続|ニュアンス|例文|類似差分|問題正解|誤答理由|会話自然さ|N2レベル,
n2g-006,6,7,〜上では,〜上では,,,,,,,,会話力を上げる上で、毎日声に出す練習は欠かせません。 / 仕事を進める上で、報告・連絡・相談が大切です。,チームを作る上で、まず目標の共有が必要だよね。,留学生活を送る上で、地域との交流は大きな支えになる。,,,,順序の「た形＋上で」と混同 / 名詞は「の」が必要,,,draft,verify_zh;verify_examples;verify_quiz,,意味|中国語|接続|ニュアンス|例文|類似差分|問題正解|誤答理由|会話自然さ|N2レベル,
n2g-007,7,8,〜上は,〜上は,,,,,,,,挑戦すると決めた上は、途中でやめるつもりはありません。 / 代表を引き受けた上は、責任を持って準備します。,やると言った上は、最後までやらないとね。,契約した上は、条件を守る義務がある。,,,,,,,draft,verify_zh;verify_examples;verify_quiz,,意味|中国語|接続|ニュアンス|例文|類似差分|問題正解|誤答理由|会話自然さ|N2レベル,
n2g-008,8,9,〜うちに,〜うちに,,,,,,,,忘れないうちに、練習した表現をメモしておきます。 / 明るいうちに帰りましょう。,冷めないうちに、どうぞ召し上がってください。,体力があるうちに、色々な地域の交流会に参加したい。,,,,,,,draft,verify_zh;verify_examples;verify_quiz,,意味|中国語|接続|ニュアンス|例文|類似差分|問題正解|誤答理由|会話自然さ|N2レベル,
n2g-009,9,10,〜うちは,〜うちは,,,,,,,,文法だけ勉強しているうちは、会話力はなかなか上がりません。 / 若いうちは、多少の失敗を恐れなくてもいいと思います。,慣れないうちは、ゆっくり話してもらった方がいいよ。,基礎が固まらないうちは、応用問題に進むべきではない。,,,,,,,draft,verify_zh;verify_examples;verify_quiz,,意味|中国語|接続|ニュアンス|例文|類似差分|問題正解|誤答理由|会話自然さ|N2レベル,
n2g-010,10,11,〜しようではないか,〜しようではないか,,,,,,,,今年こそ、みんなでN2に合格しようではないか。 / 次の大会に向けて、一緒に頑張ろうじゃないか。,さあ、そろそろ始めようじゃないか。,共により良い交流会を作っていこうではないか。,,,,目上への依頼に使うと不自然（勧誘・鼓舞専用） / 意向形以外に接続する誤り,,,draft,verify_zh;verify_examples;verify_quiz,,意味|中国語|接続|ニュアンス|例文|類似差分|問題正解|誤答理由|会話自然さ|N2レベル,
n2g-011,11,12,〜得る（うる）,〜得る（うる）,,,,,,,,,,,,,,,,,imported,needs_reading;needs_meaningZh;needs_connection;needs_nuance;needs_quiz,,意味|中国語|接続|ニュアンス|例文|類似差分|問題正解|誤答理由|会話自然さ|N2レベル,
n2g-012,12,13,〜得ない（えない）,〜得ない（えない）,,,,,,,,,,,,,,,,,imported,needs_reading;needs_meaningZh;needs_connection;needs_nuance;needs_quiz,,意味|中国語|接続|ニュアンス|例文|類似差分|問題正解|誤答理由|会話自然さ|N2レベル,
n2g-013,13,14,〜おかげで,〜おかげで,,,,,,,,,,,,,,,,,imported,needs_reading;needs_meaningZh;needs_connection;needs_nuance;needs_quiz,,意味|中国語|接続|ニュアンス|例文|類似差分|問題正解|誤答理由|会話自然さ|N2レベル,
n2g-014,14,15,〜恐れがある,〜恐れがある,,,,,,,,,,,,,,,,,imported,needs_reading;needs_meaningZh;needs_connection;needs_nuance;needs_quiz,,意味|中国語|接続|ニュアンス|例文|類似差分|問題正解|誤答理由|会話自然さ|N2レベル,
n2g-015,15,16,〜甲斐がある,〜甲斐がある,,,,,,,,,,,,,,,,,imported,needs_reading;needs_meaningZh;needs_connection;needs_nuance;needs_quiz,,意味|中国語|接続|ニュアンス|例文|類似差分|問題正解|誤答理由|会話自然さ|N2レベル,
n2g-016,16,17,〜がきっかけで/がきっかけになって,〜がきっかけで/がきっかけになって,,,,,,,,,,,,,,,,,imported,needs_reading;needs_meaningZh;needs_connection;needs_nuance;needs_quiz,,意味|中国語|接続|ニュアンス|例文|類似差分|問題正解|誤答理由|会話自然さ|N2レベル,
n2g-017,17,18,〜限りは/ない限り,〜限りは/ない限り,,,,,,,,,,,,,,,,,imported,needs_reading;needs_meaningZh;needs_connection;needs_nuance;needs_quiz,,意味|中国語|接続|ニュアンス|例文|類似差分|問題正解|誤答理由|会話自然さ|N2レベル,
n2g-018,18,19,〜が契機で,〜が契機で,,,16と同じ,,,,,,,,,,,,,,imported,needs_reading;needs_meaningZh;needs_connection;needs_nuance;needs_quiz,,意味|中国語|接続|ニュアンス|例文|類似差分|問題正解|誤答理由|会話自然さ|N2レベル,
n2g-019,19,20,〜かけ,〜かけ,,,,,,,,,,,,,,,,,imported,needs_reading;needs_meaningZh;needs_connection;needs_nuance;needs_quiz,,意味|中国語|接続|ニュアンス|例文|類似差分|問題正解|誤答理由|会話自然さ|N2レベル,
n2g-020,20,21,〜がたい,〜がたい,,,,,,,,,,,,,,,,,imported,needs_reading;needs_meaningZh;needs_connection;needs_nuance;needs_quiz,,意味|中国語|接続|ニュアンス|例文|類似差分|問題正解|誤答理由|会話自然さ|N2レベル,
n2g-021,21,22,〜がちだ,〜がちだ,,,,,,,,,,,,,,,,,imported,needs_reading;needs_meaningZh;needs_connection;needs_nuance;needs_quiz,,意味|中国語|接続|ニュアンス|例文|類似差分|問題正解|誤答理由|会話自然さ|N2レベル,
n2g-022,22,23,〜かというと,〜かというと,,,,,,,,,,,,,,,,,imported,needs_reading;needs_meaningZh;needs_connection;needs_nuance;needs_quiz,,意味|中国語|接続|ニュアンス|例文|類似差分|問題正解|誤答理由|会話自然さ|N2レベル,
n2g-023,23,24,〜かと思うと,〜かと思うと,,,,,,,,,,,,,,,,,imported,needs_reading;needs_meaningZh;needs_connection;needs_nuance;needs_quiz,,意味|中国語|接続|ニュアンス|例文|類似差分|問題正解|誤答理由|会話自然さ|N2レベル,
n2g-024,24,25,〜かと思えば,〜かと思えば,,,23と同じ,,,,,,,,,,,,,,imported,needs_reading;needs_meaningZh;needs_connection;needs_nuance;needs_quiz,,意味|中国語|接続|ニュアンス|例文|類似差分|問題正解|誤答理由|会話自然さ|N2レベル,
n2g-025,25,26,〜か〜ないかのうちに,〜か〜ないかのうちに,,,,,,,,,,,,,,,,,imported,needs_reading;needs_meaningZh;needs_connection;needs_nuance;needs_quiz,,意味|中国語|接続|ニュアンス|例文|類似差分|問題正解|誤答理由|会話自然さ|N2レベル,
n2g-026,26,27,〜か何か,〜か何か,,,,,,,,,,,,,,,,,imported,needs_reading;needs_meaningZh;needs_connection;needs_nuance;needs_quiz,,意味|中国語|接続|ニュアンス|例文|類似差分|問題正解|誤答理由|会話自然さ|N2レベル,
n2g-027,27,28,〜かねない,〜かねない,,,,,,,,,,,,,,,,,imported,needs_reading;needs_meaningZh;needs_connection;needs_nuance;needs_quiz,,意味|中国語|接続|ニュアンス|例文|類似差分|問題正解|誤答理由|会話自然さ|N2レベル,
n2g-028,28,29,〜かねる,〜かねる,,,,,,,,,,,,,,,,,imported,needs_reading;needs_meaningZh;needs_connection;needs_nuance;needs_quiz,,意味|中国語|接続|ニュアンス|例文|類似差分|問題正解|誤答理由|会話自然さ|N2レベル,
n2g-029,29,30,〜かのようだ,〜かのようだ,,,,,,,,,,,,,,,,,imported,needs_reading;needs_meaningZh;needs_connection;needs_nuance;needs_quiz,,意味|中国語|接続|ニュアンス|例文|類似差分|問題正解|誤答理由|会話自然さ|N2レベル,
n2g-030,30,31,〜からいいようなものの,〜からいいようなものの,,,,,,,,,,,,,,,,,imported,needs_reading;needs_meaningZh;needs_connection;needs_nuance;needs_quiz,,意味|中国語|接続|ニュアンス|例文|類似差分|問題正解|誤答理由|会話自然さ|N2レベル,
n2g-031,31,32,〜からいうと,〜からいうと,,,,,,,,,,,,,,,,,imported,needs_reading;needs_meaningZh;needs_connection;needs_nuance;needs_quiz,,意味|中国語|接続|ニュアンス|例文|類似差分|問題正解|誤答理由|会話自然さ|N2レベル,
n2g-032,32,33,〜からこそ,〜からこそ,,,,,,,,,,,,,,,,,imported,needs_reading;needs_meaningZh;needs_connection;needs_nuance;needs_quiz,,意味|中国語|接続|ニュアンス|例文|類似差分|問題正解|誤答理由|会話自然さ|N2レベル,
n2g-033,33,34,〜からして,〜からして,,,,,,,,,,,,,,,,,imported,needs_reading;needs_meaningZh;needs_connection;needs_nuance;needs_quiz,,意味|中国語|接続|ニュアンス|例文|類似差分|問題正解|誤答理由|会話自然さ|N2レベル,
n2g-034,34,35,〜からすると,〜からすると,,,"31,37と同じ",,,,,,,,,,,,,,imported,needs_reading;needs_meaningZh;needs_connection;needs_nuance;needs_quiz,,意味|中国語|接続|ニュアンス|例文|類似差分|問題正解|誤答理由|会話自然さ|N2レベル,
n2g-035,35,36,〜からといって,〜からといって,,,,,,,,,,,,,,,,,imported,needs_reading;needs_meaningZh;needs_connection;needs_nuance;needs_quiz,,意味|中国語|接続|ニュアンス|例文|類似差分|問題正解|誤答理由|会話自然さ|N2レベル,
n2g-036,36,37,〜からには,〜からには,,,,,,,,,,,,,,,,,imported,needs_reading;needs_meaningZh;needs_connection;needs_nuance;needs_quiz,,意味|中国語|接続|ニュアンス|例文|類似差分|問題正解|誤答理由|会話自然さ|N2レベル,
n2g-037,37,38,〜から見ると,〜から見ると,,,"31,34と同じ",,,,,,,,,,,,,,imported,needs_reading;needs_meaningZh;needs_connection;needs_nuance;needs_quiz,,意味|中国語|接続|ニュアンス|例文|類似差分|問題正解|誤答理由|会話自然さ|N2レベル,
n2g-038,38,39,〜代わりに,〜代わりに,,,,,,,,,,,,,,,,,imported,needs_reading;needs_meaningZh;needs_connection;needs_nuance;needs_quiz,,意味|中国語|接続|ニュアンス|例文|類似差分|問題正解|誤答理由|会話自然さ|N2レベル,
n2g-039,39,40,〜気味,〜気味,,,,,,,,,,,,,,,,,imported,needs_reading;needs_meaningZh;needs_connection;needs_nuance;needs_quiz,,意味|中国語|接続|ニュアンス|例文|類似差分|問題正解|誤答理由|会話自然さ|N2レベル,
n2g-040,40,41,〜きりだ,〜きりだ,,,,,,,,,,,,,,,,,imported,needs_reading;needs_meaningZh;needs_connection;needs_nuance;needs_quiz,,意味|中国語|接続|ニュアンス|例文|類似差分|問題正解|誤答理由|会話自然さ|N2レベル,
n2g-041,41,42,〜きる,〜きる,,,,,,,,,,,,,,,,,imported,needs_reading;needs_meaningZh;needs_connection;needs_nuance;needs_quiz,,意味|中国語|接続|ニュアンス|例文|類似差分|問題正解|誤答理由|会話自然さ|N2レベル,
n2g-042,42,43,〜くせに,〜くせに,,,,,,,,,,,,,,,,,imported,needs_reading;needs_meaningZh;needs_connection;needs_nuance;needs_quiz,,意味|中国語|接続|ニュアンス|例文|類似差分|問題正解|誤答理由|会話自然さ|N2レベル,
n2g-043,43,44,〜くらい,〜くらい,,,,,,,,,,,,,,,,,imported,needs_reading;needs_meaningZh;needs_connection;needs_nuance;needs_quiz,,意味|中国語|接続|ニュアンス|例文|類似差分|問題正解|誤答理由|会話自然さ|N2レベル,
n2g-044,44,45,〜ことか,〜ことか,,,,,,,,,,,,,,,,,imported,needs_reading;needs_meaningZh;needs_connection;needs_nuance;needs_quiz,,意味|中国語|接続|ニュアンス|例文|類似差分|問題正解|誤答理由|会話自然さ|N2レベル,
n2g-045,45,46,〜ことから,〜ことから,,,,,,,,,,,,,,,,,imported,needs_reading;needs_meaningZh;needs_connection;needs_nuance;needs_quiz,,意味|中国語|接続|ニュアンス|例文|類似差分|問題正解|誤答理由|会話自然さ|N2レベル,
n2g-046,46,47,〜ことだ,〜ことだ,,,,,,,,,,,,,,,,,imported,needs_reading;needs_meaningZh;needs_connection;needs_nuance;needs_quiz,,意味|中国語|接続|ニュアンス|例文|類似差分|問題正解|誤答理由|会話自然さ|N2レベル,
n2g-047,47,48,〜ことだから,〜ことだから,,,,,,,,,,,,,,,,,imported,needs_reading;needs_meaningZh;needs_connection;needs_nuance;needs_quiz,,意味|中国語|接続|ニュアンス|例文|類似差分|問題正解|誤答理由|会話自然さ|N2レベル,
n2g-048,48,49,〜ことなく,〜ことなく,,,,,,,,,,,,,,,,,imported,needs_reading;needs_meaningZh;needs_connection;needs_nuance;needs_quiz,,意味|中国語|接続|ニュアンス|例文|類似差分|問題正解|誤答理由|会話自然さ|N2レベル,
n2g-049,49,50,〜ことは〜が,〜ことは〜が,,,,,,,,,,,,,,,,,imported,needs_reading;needs_meaningZh;needs_connection;needs_nuance;needs_quiz,,意味|中国語|接続|ニュアンス|例文|類似差分|問題正解|誤答理由|会話自然さ|N2レベル,
n2g-050,50,51,〜ことはない,〜ことはない,,,,,,,,,,,,,,,,,imported,needs_reading;needs_meaningZh;needs_connection;needs_nuance;needs_quiz,,意味|中国語|接続|ニュアンス|例文|類似差分|問題正解|誤答理由|会話自然さ|N2レベル,
n2g-051,51,52,〜際は,〜際は,,,,,,,,,,,,,,,,,imported,needs_reading;needs_meaningZh;needs_connection;needs_nuance;needs_quiz,,意味|中国語|接続|ニュアンス|例文|類似差分|問題正解|誤答理由|会話自然さ|N2レベル,
n2g-052,52,53,〜最中に,〜最中に,,,,,,,,,,,,,,,,,imported,needs_reading;needs_meaningZh;needs_connection;needs_nuance;needs_quiz,,意味|中国語|接続|ニュアンス|例文|類似差分|問題正解|誤答理由|会話自然さ|N2レベル,
n2g-053,53,54,〜ざるを得ない,〜ざるを得ない,,,,,,,,,,,,,,,,,imported,needs_reading;needs_meaningZh;needs_connection;needs_nuance;needs_quiz,,意味|中国語|接続|ニュアンス|例文|類似差分|問題正解|誤答理由|会話自然さ|N2レベル,
n2g-054,54,55,〜次第,〜次第,,,,,,,,,,,,,,,,,imported,needs_reading;needs_meaningZh;needs_connection;needs_nuance;needs_quiz,,意味|中国語|接続|ニュアンス|例文|類似差分|問題正解|誤答理由|会話自然さ|N2レベル,
n2g-055,55,56,〜上は（じょうは）,〜上は（じょうは）,,,,,,,,,,,,,,,,,imported,needs_reading;needs_meaningZh;needs_connection;needs_nuance;needs_quiz,,意味|中国語|接続|ニュアンス|例文|類似差分|問題正解|誤答理由|会話自然さ|N2レベル,
n2g-056,56,57,〜末に,〜末に,,,,,,,,,,,,,,,,,imported,needs_reading;needs_meaningZh;needs_connection;needs_nuance;needs_quiz,,意味|中国語|接続|ニュアンス|例文|類似差分|問題正解|誤答理由|会話自然さ|N2レベル,
n2g-057,57,58,〜ずにすむ,〜ずにすむ,,,,,,,,,,,,,,,,,imported,needs_reading;needs_meaningZh;needs_connection;needs_nuance;needs_quiz,,意味|中国語|接続|ニュアンス|例文|類似差分|問題正解|誤答理由|会話自然さ|N2レベル,
n2g-058,58,59,〜ずにはいられない,〜ずにはいられない,,,,,,,,,,,,,,,,,imported,needs_reading;needs_meaningZh;needs_connection;needs_nuance;needs_quiz,,意味|中国語|接続|ニュアンス|例文|類似差分|問題正解|誤答理由|会話自然さ|N2レベル,
n2g-059,59,60,〜せいで,〜せいで,,,,,,,,,,,,,,,,,imported,needs_reading;needs_meaningZh;needs_connection;needs_nuance;needs_quiz,,意味|中国語|接続|ニュアンス|例文|類似差分|問題正解|誤答理由|会話自然さ|N2レベル,
n2g-060,60,61,〜たいばかりに,〜たいばかりに,,,,,,,,,,,,,,,,,imported,needs_reading;needs_meaningZh;needs_connection;needs_nuance;needs_quiz,,意味|中国語|接続|ニュアンス|例文|類似差分|問題正解|誤答理由|会話自然さ|N2レベル,
n2g-061,61,62,〜だけであって,〜だけであって,,,,,,,,,,,,,,,,,imported,needs_reading;needs_meaningZh;needs_connection;needs_nuance;needs_quiz,,意味|中国語|接続|ニュアンス|例文|類似差分|問題正解|誤答理由|会話自然さ|N2レベル,
n2g-062,62,63,たとえ〜ても,たとえ〜ても,,,,,,,,,,,,,,,,,imported,needs_reading;needs_meaningZh;needs_connection;needs_nuance;needs_quiz,,意味|中国語|接続|ニュアンス|例文|類似差分|問題正解|誤答理由|会話自然さ|N2レベル,
n2g-063,63,64,〜たところ,〜たところ,,,,,,,,,,,,,,,,,imported,needs_reading;needs_meaningZh;needs_connection;needs_nuance;needs_quiz,,意味|中国語|接続|ニュアンス|例文|類似差分|問題正解|誤答理由|会話自然さ|N2レベル,
n2g-064,64,65,〜たところが,〜たところが,,,63と同じ,,,,,,,,,,,,,,imported,needs_reading;needs_meaningZh;needs_connection;needs_nuance;needs_quiz,,意味|中国語|接続|ニュアンス|例文|類似差分|問題正解|誤答理由|会話自然さ|N2レベル,
n2g-065,65,66,〜たとたんに,〜たとたんに,,,,,,,,,,,,,,,,,imported,needs_reading;needs_meaningZh;needs_connection;needs_nuance;needs_quiz,,意味|中国語|接続|ニュアンス|例文|類似差分|問題正解|誤答理由|会話自然さ|N2レベル,
n2g-066,66,67,〜たばかり,〜たばかり,,,,,,,,,,,,,,,,,imported,needs_reading;needs_meaningZh;needs_connection;needs_nuance;needs_quiz,,意味|中国語|接続|ニュアンス|例文|類似差分|問題正解|誤答理由|会話自然さ|N2レベル,
n2g-067,67,68,〜たびに,〜たびに,,,,,,,,,,,,,,,,,imported,needs_reading;needs_meaningZh;needs_connection;needs_nuance;needs_quiz,,意味|中国語|接続|ニュアンス|例文|類似差分|問題正解|誤答理由|会話自然さ|N2レベル,
n2g-068,68,69,〜だらけ,〜だらけ,,,,,,,,,,,,,,,,,imported,needs_reading;needs_meaningZh;needs_connection;needs_nuance;needs_quiz,,意味|中国語|接続|ニュアンス|例文|類似差分|問題正解|誤答理由|会話自然さ|N2レベル,
n2g-069,69,70,〜ついでに,〜ついでに,,,,,,,,,,,,,,,,,imported,needs_reading;needs_meaningZh;needs_connection;needs_nuance;needs_quiz,,意味|中国語|接続|ニュアンス|例文|類似差分|問題正解|誤答理由|会話自然さ|N2レベル,
n2g-070,70,71,〜っこない,〜っこない,,,,,,,,,,,,,,,,,imported,needs_reading;needs_meaningZh;needs_connection;needs_nuance;needs_quiz,,意味|中国語|接続|ニュアンス|例文|類似差分|問題正解|誤答理由|会話自然さ|N2レベル,
n2g-071,71,72,〜つつ,〜つつ,,,,,,,,,,,,,,,,,imported,needs_reading;needs_meaningZh;needs_connection;needs_nuance;needs_quiz,,意味|中国語|接続|ニュアンス|例文|類似差分|問題正解|誤答理由|会話自然さ|N2レベル,
n2g-072,72,73,〜つつある,〜つつある,,,,,,,,,,,,,,,,,imported,needs_reading;needs_meaningZh;needs_connection;needs_nuance;needs_quiz,,意味|中国語|接続|ニュアンス|例文|類似差分|問題正解|誤答理由|会話自然さ|N2レベル,
n2g-073,73,74,〜っぽい,〜っぽい,,,,,,,,,,,,,,,,,imported,needs_reading;needs_meaningZh;needs_connection;needs_nuance;needs_quiz,,意味|中国語|接続|ニュアンス|例文|類似差分|問題正解|誤答理由|会話自然さ|N2レベル,
n2g-074,74,75,〜つもりだ,〜つもりだ,,,,,,,,,,,,,,,,,imported,needs_reading;needs_meaningZh;needs_connection;needs_nuance;needs_quiz,,意味|中国語|接続|ニュアンス|例文|類似差分|問題正解|誤答理由|会話自然さ|N2レベル,
n2g-075,75,76,〜つもりで,〜つもりで,,,,,,,,,,,,,,,,,imported,needs_reading;needs_meaningZh;needs_connection;needs_nuance;needs_quiz,,意味|中国語|接続|ニュアンス|例文|類似差分|問題正解|誤答理由|会話自然さ|N2レベル,
n2g-076,76,77,〜て以来,〜て以来,,,,,,,,,,,,,,,,,imported,needs_reading;needs_meaningZh;needs_connection;needs_nuance;needs_quiz,,意味|中国語|接続|ニュアンス|例文|類似差分|問題正解|誤答理由|会話自然さ|N2レベル,
n2g-077,77,78,〜てからでないと,〜てからでないと,,,,,,,,,,,,,,,,,imported,needs_reading;needs_meaningZh;needs_connection;needs_nuance;needs_quiz,,意味|中国語|接続|ニュアンス|例文|類似差分|問題正解|誤答理由|会話自然さ|N2レベル,
n2g-078,78,79,〜てしょうがない,〜てしょうがない,,,,,,,,,,,,,,,,,imported,needs_reading;needs_meaningZh;needs_connection;needs_nuance;needs_quiz,,意味|中国語|接続|ニュアンス|例文|類似差分|問題正解|誤答理由|会話自然さ|N2レベル,
n2g-079,79,80,〜てたまらない,〜てたまらない,,,,,,,,,,,,,,,,,imported,needs_reading;needs_meaningZh;needs_connection;needs_nuance;needs_quiz,,意味|中国語|接続|ニュアンス|例文|類似差分|問題正解|誤答理由|会話自然さ|N2レベル,
n2g-080,80,81,〜てでも,〜てでも,,,,,,,,,,,,,,,,,imported,needs_reading;needs_meaningZh;needs_connection;needs_nuance;needs_quiz,,意味|中国語|接続|ニュアンス|例文|類似差分|問題正解|誤答理由|会話自然さ|N2レベル,
n2g-081,81,82,〜てならない,〜てならない,,,,,,,,,,,,,,,,,imported,needs_reading;needs_meaningZh;needs_connection;needs_nuance;needs_quiz,,意味|中国語|接続|ニュアンス|例文|類似差分|問題正解|誤答理由|会話自然さ|N2レベル,
n2g-082,82,83,〜てはいられない,〜てはいられない,,,,,,,,,,,,,,,,,imported,needs_reading;needs_meaningZh;needs_connection;needs_nuance;needs_quiz,,意味|中国語|接続|ニュアンス|例文|類似差分|問題正解|誤答理由|会話自然さ|N2レベル,
n2g-083,83,84,〜てばかりはいられない,〜てばかりはいられない,,,,,,,,,,,,,,,,,imported,needs_reading;needs_meaningZh;needs_connection;needs_nuance;needs_quiz,,意味|中国語|接続|ニュアンス|例文|類似差分|問題正解|誤答理由|会話自然さ|N2レベル,
n2g-084,84,85,〜てはじめて,〜てはじめて,,,,,,,,,,,,,,,,,imported,needs_reading;needs_meaningZh;needs_connection;needs_nuance;needs_quiz,,意味|中国語|接続|ニュアンス|例文|類似差分|問題正解|誤答理由|会話自然さ|N2レベル,
n2g-085,85,86,〜ということだ,〜ということだ,,,,,,,,,,,,,,,,,imported,needs_reading;needs_meaningZh;needs_connection;needs_nuance;needs_quiz,,意味|中国語|接続|ニュアンス|例文|類似差分|問題正解|誤答理由|会話自然さ|N2レベル,
n2g-086,86,87,〜というものではない,〜というものではない,,,,,,,,,,,,,,,,,imported,needs_reading;needs_meaningZh;needs_connection;needs_nuance;needs_quiz,,意味|中国語|接続|ニュアンス|例文|類似差分|問題正解|誤答理由|会話自然さ|N2レベル,
n2g-087,87,88,〜というより,〜というより,,,,,,,,,,,,,,,,,imported,needs_reading;needs_meaningZh;needs_connection;needs_nuance;needs_quiz,,意味|中国語|接続|ニュアンス|例文|類似差分|問題正解|誤答理由|会話自然さ|N2レベル,
n2g-088,88,89,〜といっても,〜といっても,,,,,,,,,,,,,,,,,imported,needs_reading;needs_meaningZh;needs_connection;needs_nuance;needs_quiz,,意味|中国語|接続|ニュアンス|例文|類似差分|問題正解|誤答理由|会話自然さ|N2レベル,
n2g-089,89,90,〜とおりに,〜とおりに,,,,,,,,,,,,,,,,,imported,needs_reading;needs_meaningZh;needs_connection;needs_nuance;needs_quiz,,意味|中国語|接続|ニュアンス|例文|類似差分|問題正解|誤答理由|会話自然さ|N2レベル,
n2g-090,90,91,〜とか,〜とか,,,,,,,,,,,,,,,,,imported,needs_reading;needs_meaningZh;needs_connection;needs_nuance;needs_quiz,,意味|中国語|接続|ニュアンス|例文|類似差分|問題正解|誤答理由|会話自然さ|N2レベル,
n2g-091,91,92,〜どころか,〜どころか,,,,,,,,,,,,,,,,,imported,needs_reading;needs_meaningZh;needs_connection;needs_nuance;needs_quiz,,意味|中国語|接続|ニュアンス|例文|類似差分|問題正解|誤答理由|会話自然さ|N2レベル,
n2g-092,92,93,〜ところだった,〜ところだった,,,,,,,,,,,,,,,,,imported,needs_reading;needs_meaningZh;needs_connection;needs_nuance;needs_quiz,,意味|中国語|接続|ニュアンス|例文|類似差分|問題正解|誤答理由|会話自然さ|N2レベル,
n2g-093,93,94,〜どころではない,〜どころではない,,,,,,,,,,,,,,,,,imported,needs_reading;needs_meaningZh;needs_connection;needs_nuance;needs_quiz,,意味|中国語|接続|ニュアンス|例文|類似差分|問題正解|誤答理由|会話自然さ|N2レベル,
n2g-094,94,95,〜ところに,〜ところに,,,,,,,,,,,,,,,,,imported,needs_reading;needs_meaningZh;needs_connection;needs_nuance;needs_quiz,,意味|中国語|接続|ニュアンス|例文|類似差分|問題正解|誤答理由|会話自然さ|N2レベル,
n2g-095,95,96,〜ところを,〜ところを,,,,,,,,,,,,,,,,,imported,needs_reading;needs_meaningZh;needs_connection;needs_nuance;needs_quiz,,意味|中国語|接続|ニュアンス|例文|類似差分|問題正解|誤答理由|会話自然さ|N2レベル,
n2g-096,96,97,〜としか言いようがない,〜としか言いようがない,,,,,,,,,,,,,,,,,imported,needs_reading;needs_meaningZh;needs_connection;needs_nuance;needs_quiz,,意味|中国語|接続|ニュアンス|例文|類似差分|問題正解|誤答理由|会話自然さ|N2レベル,
n2g-097,97,98,〜としたら/とすれば/とすると,〜としたら/とすれば/とすると,,,,,,,,,,,,,,,,,imported,needs_reading;needs_meaningZh;needs_connection;needs_nuance;needs_quiz,,意味|中国語|接続|ニュアンス|例文|類似差分|問題正解|誤答理由|会話自然さ|N2レベル,
n2g-098,98,99,〜とともに,〜とともに,,,,,,,,,,,,,,,,,imported,needs_reading;needs_meaningZh;needs_connection;needs_nuance;needs_quiz,,意味|中国語|接続|ニュアンス|例文|類似差分|問題正解|誤答理由|会話自然さ|N2レベル,
n2g-099,99,100,〜とは限らない,〜とは限らない,,,86と同じ,,,,,,,,,,,,,,imported,needs_reading;needs_meaningZh;needs_connection;needs_nuance;needs_quiz,,意味|中国語|接続|ニュアンス|例文|類似差分|問題正解|誤答理由|会話自然さ|N2レベル,
n2g-100,100,101,〜ないことには,〜ないことには,,,,,,,,,,,,,,,,,imported,needs_reading;needs_meaningZh;needs_connection;needs_nuance;needs_quiz,,意味|中国語|接続|ニュアンス|例文|類似差分|問題正解|誤答理由|会話自然さ|N2レベル,
n2g-101,101,102,〜ないことはない,〜ないことはない,,,,,,,,,,,,,,,,,imported,needs_reading;needs_meaningZh;needs_connection;needs_nuance;needs_quiz,,意味|中国語|接続|ニュアンス|例文|類似差分|問題正解|誤答理由|会話自然さ|N2レベル,
n2g-102,102,103,〜ないではない,〜ないではない,,,,,,,,,,,,,,,,,imported,needs_reading;needs_meaningZh;needs_connection;needs_nuance;needs_quiz,,意味|中国語|接続|ニュアンス|例文|類似差分|問題正解|誤答理由|会話自然さ|N2レベル,
n2g-103,103,104,〜ながらも,〜ながらも,,,,,,,,,,,,,,,,,imported,needs_reading;needs_meaningZh;needs_connection;needs_nuance;needs_quiz,,意味|中国語|接続|ニュアンス|例文|類似差分|問題正解|誤答理由|会話自然さ|N2レベル,
n2g-104,104,105,〜なくはない,〜なくはない,,,102と同じ,,,,,,,,,,,,,,imported,needs_reading;needs_meaningZh;needs_connection;needs_nuance;needs_quiz,,意味|中国語|接続|ニュアンス|例文|類似差分|問題正解|誤答理由|会話自然さ|N2レベル,
n2g-105,105,106,〜ならともかく,〜ならともかく,,,,,,,,,,,,,,,,,imported,needs_reading;needs_meaningZh;needs_connection;needs_nuance;needs_quiz,,意味|中国語|接続|ニュアンス|例文|類似差分|問題正解|誤答理由|会話自然さ|N2レベル,
n2g-106,106,107,〜にあたって,〜にあたって,,,,,,,,,,,,,,,,,imported,needs_reading;needs_meaningZh;needs_connection;needs_nuance;needs_quiz,,意味|中国語|接続|ニュアンス|例文|類似差分|問題正解|誤答理由|会話自然さ|N2レベル,
n2g-107,107,108,〜において,〜において,,,,,,,,,,,,,,,,,imported,needs_reading;needs_meaningZh;needs_connection;needs_nuance;needs_quiz,,意味|中国語|接続|ニュアンス|例文|類似差分|問題正解|誤答理由|会話自然さ|N2レベル,
n2g-108,108,109,〜に応じては,〜に応じては,,,,,,,,,,,,,,,,,imported,needs_reading;needs_meaningZh;needs_connection;needs_nuance;needs_quiz,,意味|中国語|接続|ニュアンス|例文|類似差分|問題正解|誤答理由|会話自然さ|N2レベル,
n2g-109,109,110,〜にかかわらず,〜にかかわらず,,,,,,,,,,,,,,,,,imported,needs_reading;needs_meaningZh;needs_connection;needs_nuance;needs_quiz,,意味|中国語|接続|ニュアンス|例文|類似差分|問題正解|誤答理由|会話自然さ|N2レベル,
n2g-110,110,111,〜に限って,〜に限って,,,,,,,,,,,,,,,,,imported,needs_reading;needs_meaningZh;needs_connection;needs_nuance;needs_quiz,,意味|中国語|接続|ニュアンス|例文|類似差分|問題正解|誤答理由|会話自然さ|N2レベル,
n2g-111,111,112,〜に限る,〜に限る,,,,,,,,,,,,,,,,,imported,needs_reading;needs_meaningZh;needs_connection;needs_nuance;needs_quiz,,意味|中国語|接続|ニュアンス|例文|類似差分|問題正解|誤答理由|会話自然さ|N2レベル,
n2g-112,112,113,〜にかけては,〜にかけては,,,,,,,,,,,,,,,,,imported,needs_reading;needs_meaningZh;needs_connection;needs_nuance;needs_quiz,,意味|中国語|接続|ニュアンス|例文|類似差分|問題正解|誤答理由|会話自然さ|N2レベル,
n2g-113,113,114,〜に決まっている,〜に決まっている,,,,,,,,,,,,,,,,,imported,needs_reading;needs_meaningZh;needs_connection;needs_nuance;needs_quiz,,意味|中国語|接続|ニュアンス|例文|類似差分|問題正解|誤答理由|会話自然さ|N2レベル,
n2g-114,114,115,〜に加えて,〜に加えて,,,,,,,,,,,,,,,,,imported,needs_reading;needs_meaningZh;needs_connection;needs_nuance;needs_quiz,,意味|中国語|接続|ニュアンス|例文|類似差分|問題正解|誤答理由|会話自然さ|N2レベル,
n2g-115,115,116,〜に越したことはない,〜に越したことはない,,,,,,,,,,,,,,,,,imported,needs_reading;needs_meaningZh;needs_connection;needs_nuance;needs_quiz,,意味|中国語|接続|ニュアンス|例文|類似差分|問題正解|誤答理由|会話自然さ|N2レベル,
n2g-116,116,117,〜に応えて,〜に応えて,,,,,,,,,,,,,,,,,imported,needs_reading;needs_meaningZh;needs_connection;needs_nuance;needs_quiz,,意味|中国語|接続|ニュアンス|例文|類似差分|問題正解|誤答理由|会話自然さ|N2レベル,
n2g-117,117,118,〜に際して,〜に際して,,,,,,,,,,,,,,,,,imported,needs_reading;needs_meaningZh;needs_connection;needs_nuance;needs_quiz,,意味|中国語|接続|ニュアンス|例文|類似差分|問題正解|誤答理由|会話自然さ|N2レベル,
n2g-118,118,119,〜に先立って,〜に先立って,,,,,,,,,,,,,,,,,imported,needs_reading;needs_meaningZh;needs_connection;needs_nuance;needs_quiz,,意味|中国語|接続|ニュアンス|例文|類似差分|問題正解|誤答理由|会話自然さ|N2レベル,
n2g-119,119,120,〜に従って,〜に従って,,,,,,,,,,,,,,,,,imported,needs_reading;needs_meaningZh;needs_connection;needs_nuance;needs_quiz,,意味|中国語|接続|ニュアンス|例文|類似差分|問題正解|誤答理由|会話自然さ|N2レベル,
n2g-120,120,121,〜にしたら,〜にしたら,,,,,,,,,,,,,,,,,imported,needs_reading;needs_meaningZh;needs_connection;needs_nuance;needs_quiz,,意味|中国語|接続|ニュアンス|例文|類似差分|問題正解|誤答理由|会話自然さ|N2レベル,
n2g-121,121,122,〜にしては,〜にしては,,,,,,,,,,,,,,,,,imported,needs_reading;needs_meaningZh;needs_connection;needs_nuance;needs_quiz,,意味|中国語|接続|ニュアンス|例文|類似差分|問題正解|誤答理由|会話自然さ|N2レベル,
n2g-122,122,123,〜にしても,〜にしても,,,,,,,,,,,,,,,,,imported,needs_reading;needs_meaningZh;needs_connection;needs_nuance;needs_quiz,,意味|中国語|接続|ニュアンス|例文|類似差分|問題正解|誤答理由|会話自然さ|N2レベル,
n2g-123,123,124,〜に過ぎない,〜に過ぎない,,,,,,,,,,,,,,,,,imported,needs_reading;needs_meaningZh;needs_connection;needs_nuance;needs_quiz,,意味|中国語|接続|ニュアンス|例文|類似差分|問題正解|誤答理由|会話自然さ|N2レベル,
n2g-124,124,125,〜に相違ない,〜に相違ない,,,,,,,,,,,,,,,,,imported,needs_reading;needs_meaningZh;needs_connection;needs_nuance;needs_quiz,,意味|中国語|接続|ニュアンス|例文|類似差分|問題正解|誤答理由|会話自然さ|N2レベル,
n2g-125,125,126,〜に沿って,〜に沿って,,,,,,,,,,,,,,,,,imported,needs_reading;needs_meaningZh;needs_connection;needs_nuance;needs_quiz,,意味|中国語|接続|ニュアンス|例文|類似差分|問題正解|誤答理由|会話自然さ|N2レベル,
n2g-126,126,127,〜に違いない,〜に違いない,,,,,,,,,,,,,,,,,imported,needs_reading;needs_meaningZh;needs_connection;needs_nuance;needs_quiz,,意味|中国語|接続|ニュアンス|例文|類似差分|問題正解|誤答理由|会話自然さ|N2レベル,
n2g-127,127,128,〜につき,〜につき,,,,,,,,,,,,,,,,,imported,needs_reading;needs_meaningZh;needs_connection;needs_nuance;needs_quiz,,意味|中国語|接続|ニュアンス|例文|類似差分|問題正解|誤答理由|会話自然さ|N2レベル,
n2g-128,128,129,〜につけ,〜につけ,,,,,,,,,,,,,,,,,imported,needs_reading;needs_meaningZh;needs_connection;needs_nuance;needs_quiz,,意味|中国語|接続|ニュアンス|例文|類似差分|問題正解|誤答理由|会話自然さ|N2レベル,
n2g-129,129,130,〜に伴って,〜に伴って,,,,,,,,,,,,,,,,,imported,needs_reading;needs_meaningZh;needs_connection;needs_nuance;needs_quiz,,意味|中国語|接続|ニュアンス|例文|類似差分|問題正解|誤答理由|会話自然さ|N2レベル,
n2g-130,130,131,〜に反して,〜に反して,,,,,,,,,,,,,,,,,imported,needs_reading;needs_meaningZh;needs_connection;needs_nuance;needs_quiz,,意味|中国語|接続|ニュアンス|例文|類似差分|問題正解|誤答理由|会話自然さ|N2レベル,
n2g-131,131,132,〜にほかならない,〜にほかならない,,,,,,,,,,,,,,,,,imported,needs_reading;needs_meaningZh;needs_connection;needs_nuance;needs_quiz,,意味|中国語|接続|ニュアンス|例文|類似差分|問題正解|誤答理由|会話自然さ|N2レベル,
n2g-132,132,133,〜にもかかわらず,〜にもかかわらず,,,,,,,,,,,,,,,,,imported,needs_reading;needs_meaningZh;needs_connection;needs_nuance;needs_quiz,,意味|中国語|接続|ニュアンス|例文|類似差分|問題正解|誤答理由|会話自然さ|N2レベル,
n2g-133,133,134,〜に基づいて,〜に基づいて,,,,,,,,,,,,,,,,,imported,needs_reading;needs_meaningZh;needs_connection;needs_nuance;needs_quiz,,意味|中国語|接続|ニュアンス|例文|類似差分|問題正解|誤答理由|会話自然さ|N2レベル,
n2g-134,134,135,〜にわたって,〜にわたって,,,,,,,,,,,,,,,,,imported,needs_reading;needs_meaningZh;needs_connection;needs_nuance;needs_quiz,,意味|中国語|接続|ニュアンス|例文|類似差分|問題正解|誤答理由|会話自然さ|N2レベル,
n2g-135,135,136,〜抜きでは,〜抜きでは,,,,,,,,,,,,,,,,,imported,needs_reading;needs_meaningZh;needs_connection;needs_nuance;needs_quiz,,意味|中国語|接続|ニュアンス|例文|類似差分|問題正解|誤答理由|会話自然さ|N2レベル,
n2g-136,136,137,〜抜く,〜抜く,,,,,,,,,,,,,,,,,imported,needs_reading;needs_meaningZh;needs_connection;needs_nuance;needs_quiz,,意味|中国語|接続|ニュアンス|例文|類似差分|問題正解|誤答理由|会話自然さ|N2レベル,
n2g-137,137,138,〜のみならず,〜のみならず,,,,,,,,,,,,,,,,,imported,needs_reading;needs_meaningZh;needs_connection;needs_nuance;needs_quiz,,意味|中国語|接続|ニュアンス|例文|類似差分|問題正解|誤答理由|会話自然さ|N2レベル,
n2g-138,138,139,〜のもとで,〜のもとで,,,,,,,,,,,,,,,,,imported,needs_reading;needs_meaningZh;needs_connection;needs_nuance;needs_quiz,,意味|中国語|接続|ニュアンス|例文|類似差分|問題正解|誤答理由|会話自然さ|N2レベル,
n2g-139,139,140,〜はおろか,〜はおろか,,,,,,,,,,,,,,,,,imported,needs_reading;needs_meaningZh;needs_connection;needs_nuance;needs_quiz,,意味|中国語|接続|ニュアンス|例文|類似差分|問題正解|誤答理由|会話自然さ|N2レベル,
n2g-140,140,141,〜ばかりか,〜ばかりか,,,,,,,,,,,,,,,,,imported,needs_reading;needs_meaningZh;needs_connection;needs_nuance;needs_quiz,,意味|中国語|接続|ニュアンス|例文|類似差分|問題正解|誤答理由|会話自然さ|N2レベル,
n2g-141,141,142,〜ばかりに,〜ばかりに,,,,,,,,,,,,,,,,,imported,needs_reading;needs_meaningZh;needs_connection;needs_nuance;needs_quiz,,意味|中国語|接続|ニュアンス|例文|類似差分|問題正解|誤答理由|会話自然さ|N2レベル,
n2g-142,142,143,〜はともかくとして,〜はともかくとして,,,,,,,,,,,,,,,,,imported,needs_reading;needs_meaningZh;needs_connection;needs_nuance;needs_quiz,,意味|中国語|接続|ニュアンス|例文|類似差分|問題正解|誤答理由|会話自然さ|N2レベル,
n2g-143,143,144,〜は別として,〜は別として,,,,,,,,,,,,,,,,,imported,needs_reading;needs_meaningZh;needs_connection;needs_nuance;needs_quiz,,意味|中国語|接続|ニュアンス|例文|類似差分|問題正解|誤答理由|会話自然さ|N2レベル,
n2g-144,144,145,〜ば〜ほど,〜ば〜ほど,,,,,,,,,,,,,,,,,imported,needs_reading;needs_meaningZh;needs_connection;needs_nuance;needs_quiz,,意味|中国語|接続|ニュアンス|例文|類似差分|問題正解|誤答理由|会話自然さ|N2レベル,
n2g-145,145,146,〜はもちろん/もとより,〜はもちろん/もとより,,,,,,,,,,,,,,,,,imported,needs_reading;needs_meaningZh;needs_connection;needs_nuance;needs_quiz,,意味|中国語|接続|ニュアンス|例文|類似差分|問題正解|誤答理由|会話自然さ|N2レベル,
n2g-146,146,147,〜反面,〜反面,,,,,,,,,,,,,,,,,imported,needs_reading;needs_meaningZh;needs_connection;needs_nuance;needs_quiz,,意味|中国語|接続|ニュアンス|例文|類似差分|問題正解|誤答理由|会話自然さ|N2レベル,
n2g-147,147,148,〜べき,〜べき,,,,,,,,,,,,,,,,,imported,needs_reading;needs_meaningZh;needs_connection;needs_nuance;needs_quiz,,意味|中国語|接続|ニュアンス|例文|類似差分|問題正解|誤答理由|会話自然さ|N2レベル,
n2g-148,148,149,〜ほか（は）ない/よりほかはない,〜ほか（は）ない/よりほかはない,,,,,,,,,,,,,,,,,imported,needs_reading;needs_meaningZh;needs_connection;needs_nuance;needs_quiz,,意味|中国語|接続|ニュアンス|例文|類似差分|問題正解|誤答理由|会話自然さ|N2レベル,
n2g-149,149,150,〜ほど,〜ほど,,,,,,,,,,,,,,,,,imported,needs_reading;needs_meaningZh;needs_connection;needs_nuance;needs_quiz,,意味|中国語|接続|ニュアンス|例文|類似差分|問題正解|誤答理由|会話自然さ|N2レベル,
n2g-150,150,151,〜まい,〜まい,,,,,,,,,,,,,,,,,imported,needs_reading;needs_meaningZh;needs_connection;needs_nuance;needs_quiz,,意味|中国語|接続|ニュアンス|例文|類似差分|問題正解|誤答理由|会話自然さ|N2レベル,
n2g-151,151,152,〜ままに,〜ままに,,,,,,,,,,,,,,,,,imported,needs_reading;needs_meaningZh;needs_connection;needs_nuance;needs_quiz,,意味|中国語|接続|ニュアンス|例文|類似差分|問題正解|誤答理由|会話自然さ|N2レベル,
n2g-152,152,153,〜もかまわず,〜もかまわず,,,,,,,,,,,,,,,,,imported,needs_reading;needs_meaningZh;needs_connection;needs_nuance;needs_quiz,,意味|中国語|接続|ニュアンス|例文|類似差分|問題正解|誤答理由|会話自然さ|N2レベル,
n2g-153,153,154,〜も当然だ,〜も当然だ,,,,,,,,,,,,,,,,,imported,needs_reading;needs_meaningZh;needs_connection;needs_nuance;needs_quiz,,意味|中国語|接続|ニュアンス|例文|類似差分|問題正解|誤答理由|会話自然さ|N2レベル,
n2g-154,154,155,〜も〜なら〜も,〜も〜なら〜も,,,,,,,,,,,,,,,,,imported,needs_reading;needs_meaningZh;needs_connection;needs_nuance;needs_quiz,,意味|中国語|接続|ニュアンス|例文|類似差分|問題正解|誤答理由|会話自然さ|N2レベル,
n2g-155,155,156,〜ものか/もんか,〜ものか/もんか,,,,,,,,,,,,,,,,,imported,needs_reading;needs_meaningZh;needs_connection;needs_nuance;needs_quiz,,意味|中国語|接続|ニュアンス|例文|類似差分|問題正解|誤答理由|会話自然さ|N2レベル,
n2g-156,156,157,〜ものがある,〜ものがある,,,,,,,,,,,,,,,,,imported,needs_reading;needs_meaningZh;needs_connection;needs_nuance;needs_quiz,,意味|中国語|接続|ニュアンス|例文|類似差分|問題正解|誤答理由|会話自然さ|N2レベル,
n2g-157,157,158,〜ものだ,〜ものだ,,,,,,,,,,,,,,,,,imported,needs_reading;needs_meaningZh;needs_connection;needs_nuance;needs_quiz,,意味|中国語|接続|ニュアンス|例文|類似差分|問題正解|誤答理由|会話自然さ|N2レベル,
n2g-158,158,159,〜ものだから,〜ものだから,,,,,,,,,,,,,,,,,imported,needs_reading;needs_meaningZh;needs_connection;needs_nuance;needs_quiz,,意味|中国語|接続|ニュアンス|例文|類似差分|問題正解|誤答理由|会話自然さ|N2レベル,
n2g-159,159,160,〜ものではない,〜ものではない,,,,,,,,,,,,,,,,,imported,needs_reading;needs_meaningZh;needs_connection;needs_nuance;needs_quiz,,意味|中国語|接続|ニュアンス|例文|類似差分|問題正解|誤答理由|会話自然さ|N2レベル,
n2g-160,160,161,〜ものなら,〜ものなら,,,,,,,,,,,,,,,,,imported,needs_reading;needs_meaningZh;needs_connection;needs_nuance;needs_quiz,,意味|中国語|接続|ニュアンス|例文|類似差分|問題正解|誤答理由|会話自然さ|N2レベル,
n2g-161,161,162,〜ものの,〜ものの,,,,,,,,,,,,,,,,,imported,needs_reading;needs_meaningZh;needs_connection;needs_nuance;needs_quiz,,意味|中国語|接続|ニュアンス|例文|類似差分|問題正解|誤答理由|会話自然さ|N2レベル,
n2g-162,162,163,〜矢先に,〜矢先に,,,94と同じ,,,,,,,,,,,,,,imported,needs_reading;needs_meaningZh;needs_connection;needs_nuance;needs_quiz,,意味|中国語|接続|ニュアンス|例文|類似差分|問題正解|誤答理由|会話自然さ|N2レベル,
n2g-163,163,164,〜やら〜やら,〜やら〜やら,,,,,,,,,,,,,,,,,imported,needs_reading;needs_meaningZh;needs_connection;needs_nuance;needs_quiz,,意味|中国語|接続|ニュアンス|例文|類似差分|問題正解|誤答理由|会話自然さ|N2レベル,
n2g-164,164,165,〜ようがない,〜ようがない,,,,,,,,,,,,,,,,,imported,needs_reading;needs_meaningZh;needs_connection;needs_nuance;needs_quiz,,意味|中国語|接続|ニュアンス|例文|類似差分|問題正解|誤答理由|会話自然さ|N2レベル,
n2g-165,165,166,〜ようで,〜ようで,,,,,,,,,,,,,,,,,imported,needs_reading;needs_meaningZh;needs_connection;needs_nuance;needs_quiz,,意味|中国語|接続|ニュアンス|例文|類似差分|問題正解|誤答理由|会話自然さ|N2レベル,
n2g-166,166,167,〜ようでは,〜ようでは,,,,,,,,,,,,,,,,,imported,needs_reading;needs_meaningZh;needs_connection;needs_nuance;needs_quiz,,意味|中国語|接続|ニュアンス|例文|類似差分|問題正解|誤答理由|会話自然さ|N2レベル,
n2g-167,167,168,〜ようなら（ば）,〜ようなら（ば）,,,,,,,,,,,,,,,,,imported,needs_reading;needs_meaningZh;needs_connection;needs_nuance;needs_quiz,,意味|中国語|接続|ニュアンス|例文|類似差分|問題正解|誤答理由|会話自然さ|N2レベル,
n2g-168,168,169,〜わけがない,〜わけがない,,,,,,,,,,,,,,,,,imported,needs_reading;needs_meaningZh;needs_connection;needs_nuance;needs_quiz,,意味|中国語|接続|ニュアンス|例文|類似差分|問題正解|誤答理由|会話自然さ|N2レベル,
n2g-169,169,170,〜わけだ,〜わけだ,,,,,,,,,,,,,,,,,imported,needs_reading;needs_meaningZh;needs_connection;needs_nuance;needs_quiz,,意味|中国語|接続|ニュアンス|例文|類似差分|問題正解|誤答理由|会話自然さ|N2レベル,
n2g-170,170,171,〜わけではない,〜わけではない,,,,,,,,,,,,,,,,,imported,needs_reading;needs_meaningZh;needs_connection;needs_nuance;needs_quiz,,意味|中国語|接続|ニュアンス|例文|類似差分|問題正解|誤答理由|会話自然さ|N2レベル,
n2g-171,171,172,〜わけにはいかない,〜わけにはいかない,,,,,,,,,,,,,,,,,imported,needs_reading;needs_meaningZh;needs_connection;needs_nuance;needs_quiz,,意味|中国語|接続|ニュアンス|例文|類似差分|問題正解|誤答理由|会話自然さ|N2レベル,
n2g-172,172,173,〜わりには,〜わりには,,,,,,,,,,,,,,,,,imported,needs_reading;needs_meaningZh;needs_connection;needs_nuance;needs_quiz,,意味|中国語|接続|ニュアンス|例文|類似差分|問題正解|誤答理由|会話自然さ|N2レベル,
n2g-173,173,174,〜を中心に,〜を中心に,,,,,,,,,,,,,,,,,imported,needs_reading;needs_meaningZh;needs_connection;needs_nuance;needs_quiz,,意味|中国語|接続|ニュアンス|例文|類似差分|問題正解|誤答理由|会話自然さ|N2レベル,
n2g-174,174,175,〜を通じて,〜を通じて,,,,,,,,,,,,,,,,,imported,needs_reading;needs_meaningZh;needs_connection;needs_nuance;needs_quiz,,意味|中国語|接続|ニュアンス|例文|類似差分|問題正解|誤答理由|会話自然さ|N2レベル,
n2g-175,175,176,〜を問わず,〜を問わず,,,,,,,,,,,,,,,,,imported,needs_reading;needs_meaningZh;needs_connection;needs_nuance;needs_quiz,,意味|中国語|接続|ニュアンス|例文|類似差分|問題正解|誤答理由|会話自然さ|N2レベル,
n2g-176,176,177,〜を除いては,〜を除いては,,,,,,,,,,,,,,,,,imported,needs_reading;needs_meaningZh;needs_connection;needs_nuance;needs_quiz,,意味|中国語|接続|ニュアンス|例文|類似差分|問題正解|誤答理由|会話自然さ|N2レベル,
n2g-177,177,178,〜をはじめ,〜をはじめ,,,,,,,,,,,,,,,,,imported,needs_reading;needs_meaningZh;needs_connection;needs_nuance;needs_quiz,,意味|中国語|接続|ニュアンス|例文|類似差分|問題正解|誤答理由|会話自然さ|N2レベル,
n2g-178,178,179,〜を踏まえて,〜を踏まえて,,,,,,,,,,,,,,,,,imported,needs_reading;needs_meaningZh;needs_connection;needs_nuance;needs_quiz,,意味|中国語|接続|ニュアンス|例文|類似差分|問題正解|誤答理由|会話自然さ|N2レベル,
n2g-179,179,180,〜をめぐって,〜をめぐって,,,,,,,,,,,,,,,,,imported,needs_reading;needs_meaningZh;needs_connection;needs_nuance;needs_quiz,,意味|中国語|接続|ニュアンス|例文|類似差分|問題正解|誤答理由|会話自然さ|N2レベル,
n2g-180,180,181,〜をもとにして,〜をもとにして,,,,,,,,,,,,,,,,,imported,needs_reading;needs_meaningZh;needs_connection;needs_nuance;needs_quiz,,意味|中国語|接続|ニュアンス|例文|類似差分|問題正解|誤答理由|会話自然さ|N2レベル,
