unit12,grammarId,originalNo,sourceUnit_原18単元,displayExpression,role(要人間),linkedMissionIds(要人間),orderingReason
1,n2g-001,1,1単元,〜あげく,,,原本番号順の仮配置（機能別再編は要人間）
1,n2g-002,2,1単元,〜あまり,,,原本番号順の仮配置（機能別再編は要人間）
1,n2g-003,3,1単元,〜以上は,,,原本番号順の仮配置（機能別再編は要人間）
1,n2g-004,4,1単元,〜一方/一方で,,,原本番号順の仮配置（機能別再編は要人間）
1,n2g-005,5,1単元,〜一方だ,,,原本番号順の仮配置（機能別再編は要人間）
1,n2g-006,6,1単元,〜上では,,,原本番号順の仮配置（機能別再編は要人間）
1,n2g-007,7,1単元,〜上は,,,原本番号順の仮配置（機能別再編は要人間）
1,n2g-008,8,1単元,〜うちに,,,原本番号順の仮配置（機能別再編は要人間）
1,n2g-009,9,1単元,〜うちは,,,原本番号順の仮配置（機能別再編は要人間）
1,n2g-010,10,1単元,〜しようではないか,,,原本番号順の仮配置（機能別再編は要人間）
1,n2g-011,11,2単元,〜得る（うる）,,,原本番号順の仮配置（機能別再編は要人間）
1,n2g-012,12,2単元,〜得ない（えない）,,,原本番号順の仮配置（機能別再編は要人間）
1,n2g-013,13,2単元,〜おかげで,,,原本番号順の仮配置（機能別再編は要人間）
1,n2g-014,14,2単元,〜恐れがある,,,原本番号順の仮配置（機能別再編は要人間）
1,n2g-015,15,2単元,〜甲斐がある,,,原本番号順の仮配置（機能別再編は要人間）
2,n2g-016,16,2単元,〜がきっかけで/がきっかけになって,,,原本番号順の仮配置（機能別再編は要人間）
2,n2g-017,17,2単元,〜限りは/ない限り,,,原本番号順の仮配置（機能別再編は要人間）
2,n2g-018,18,2単元,〜が契機で,,,原本番号順の仮配置（機能別再編は要人間）
2,n2g-019,19,2単元,〜かけ,,,原本番号順の仮配置（機能別再編は要人間）
2,n2g-020,20,2単元,〜がたい,,,原本番号順の仮配置（機能別再編は要人間）
2,n2g-021,21,3単元,〜がちだ,,,原本番号順の仮配置（機能別再編は要人間）
2,n2g-022,22,3単元,〜かというと,,,原本番号順の仮配置（機能別再編は要人間）
2,n2g-023,23,3単元,〜かと思うと,,,原本番号順の仮配置（機能別再編は要人間）
2,n2g-024,24,3単元,〜かと思えば,,,原本番号順の仮配置（機能別再編は要人間）
2,n2g-025,25,3単元,〜か〜ないかのうちに,,,原本番号順の仮配置（機能別再編は要人間）
2,n2g-026,26,3単元,〜か何か,,,原本番号順の仮配置（機能別再編は要人間）
2,n2g-027,27,3単元,〜かねない,,,原本番号順の仮配置（機能別再編は要人間）
2,n2g-028,28,3単元,〜かねる,,,原本番号順の仮配置（機能別再編は要人間）
2,n2g-029,29,3単元,〜かのようだ,,,原本番号順の仮配置（機能別再編は要人間）
2,n2g-030,30,3単元,〜からいいようなものの,,,原本番号順の仮配置（機能別再編は要人間）
3,n2g-031,31,4単元,〜からいうと,,,原本番号順の仮配置（機能別再編は要人間）
3,n2g-032,32,4単元,〜からこそ,,,原本番号順の仮配置（機能別再編は要人間）
3,n2g-033,33,4単元,〜からして,,,原本番号順の仮配置（機能別再編は要人間）
3,n2g-034,34,4単元,〜からすると,,,原本番号順の仮配置（機能別再編は要人間）
3,n2g-035,35,4単元,〜からといって,,,原本番号順の仮配置（機能別再編は要人間）
3,n2g-036,36,4単元,〜からには,,,原本番号順の仮配置（機能別再編は要人間）
3,n2g-037,37,4単元,〜から見ると,,,原本番号順の仮配置（機能別再編は要人間）
3,n2g-038,38,4単元,〜代わりに,,,原本番号順の仮配置（機能別再編は要人間）
3,n2g-039,39,4単元,〜気味,,,原本番号順の仮配置（機能別再編は要人間）
3,n2g-040,40,4単元,〜きりだ,,,原本番号順の仮配置（機能別再編は要人間）
3,n2g-041,41,5単元,〜きる,,,原本番号順の仮配置（機能別再編は要人間）
3,n2g-042,42,5単元,〜くせに,,,原本番号順の仮配置（機能別再編は要人間）
3,n2g-043,43,5単元,〜くらい,,,原本番号順の仮配置（機能別再編は要人間）
3,n2g-044,44,5単元,〜ことか,,,原本番号順の仮配置（機能別再編は要人間）
3,n2g-045,45,5単元,〜ことから,,,原本番号順の仮配置（機能別再編は要人間）
4,n2g-046,46,5単元,〜ことだ,,,原本番号順の仮配置（機能別再編は要人間）
4,n2g-047,47,5単元,〜ことだから,,,原本番号順の仮配置（機能別再編は要人間）
4,n2g-048,48,5単元,〜ことなく,,,原本番号順の仮配置（機能別再編は要人間）
4,n2g-049,49,5単元,〜ことは〜が,,,原本番号順の仮配置（機能別再編は要人間）
4,n2g-050,50,5単元,〜ことはない,,,原本番号順の仮配置（機能別再編は要人間）
4,n2g-051,51,6単元,〜際は,,,原本番号順の仮配置（機能別再編は要人間）
4,n2g-052,52,6単元,〜最中に,,,原本番号順の仮配置（機能別再編は要人間）
4,n2g-053,53,6単元,〜ざるを得ない,,,原本番号順の仮配置（機能別再編は要人間）
4,n2g-054,54,6単元,〜次第,,,原本番号順の仮配置（機能別再編は要人間）
4,n2g-055,55,6単元,〜上は（じょうは）,,,原本番号順の仮配置（機能別再編は要人間）
4,n2g-056,56,6単元,〜末に,,,原本番号順の仮配置（機能別再編は要人間）
4,n2g-057,57,6単元,〜ずにすむ,,,原本番号順の仮配置（機能別再編は要人間）
4,n2g-058,58,6単元,〜ずにはいられない,,,原本番号順の仮配置（機能別再編は要人間）
4,n2g-059,59,6単元,〜せいで,,,原本番号順の仮配置（機能別再編は要人間）
4,n2g-060,60,6単元,〜たいばかりに,,,原本番号順の仮配置（機能別再編は要人間）
5,n2g-061,61,7単元,〜だけであって,,,原本番号順の仮配置（機能別再編は要人間）
5,n2g-062,62,7単元,たとえ〜ても,,,原本番号順の仮配置（機能別再編は要人間）
5,n2g-063,63,7単元,〜たところ,,,原本番号順の仮配置（機能別再編は要人間）
5,n2g-064,64,7単元,〜たところが,,,原本番号順の仮配置（機能別再編は要人間）
5,n2g-065,65,7単元,〜たとたんに,,,原本番号順の仮配置（機能別再編は要人間）
5,n2g-066,66,7単元,〜たばかり,,,原本番号順の仮配置（機能別再編は要人間）
5,n2g-067,67,7単元,〜たびに,,,原本番号順の仮配置（機能別再編は要人間）
5,n2g-068,68,7単元,〜だらけ,,,原本番号順の仮配置（機能別再編は要人間）
5,n2g-069,69,7単元,〜ついでに,,,原本番号順の仮配置（機能別再編は要人間）
5,n2g-070,70,7単元,〜っこない,,,原本番号順の仮配置（機能別再編は要人間）
5,n2g-071,71,8単元,〜つつ,,,原本番号順の仮配置（機能別再編は要人間）
5,n2g-072,72,8単元,〜つつある,,,原本番号順の仮配置（機能別再編は要人間）
5,n2g-073,73,8単元,〜っぽい,,,原本番号順の仮配置（機能別再編は要人間）
5,n2g-074,74,8単元,〜つもりだ,,,原本番号順の仮配置（機能別再編は要人間）
5,n2g-075,75,8単元,〜つもりで,,,原本番号順の仮配置（機能別再編は要人間）
6,n2g-076,76,8単元,〜て以来,,,原本番号順の仮配置（機能別再編は要人間）
6,n2g-077,77,8単元,〜てからでないと,,,原本番号順の仮配置（機能別再編は要人間）
6,n2g-078,78,8単元,〜てしょうがない,,,原本番号順の仮配置（機能別再編は要人間）
6,n2g-079,79,8単元,〜てたまらない,,,原本番号順の仮配置（機能別再編は要人間）
6,n2g-080,80,8単元,〜てでも,,,原本番号順の仮配置（機能別再編は要人間）
6,n2g-081,81,9単元,〜てならない,,,原本番号順の仮配置（機能別再編は要人間）
6,n2g-082,82,9単元,〜てはいられない,,,原本番号順の仮配置（機能別再編は要人間）
6,n2g-083,83,9単元,〜てばかりはいられない,,,原本番号順の仮配置（機能別再編は要人間）
6,n2g-084,84,9単元,〜てはじめて,,,原本番号順の仮配置（機能別再編は要人間）
6,n2g-085,85,9単元,〜ということだ,,,原本番号順の仮配置（機能別再編は要人間）
6,n2g-086,86,9単元,〜というものではない,,,原本番号順の仮配置（機能別再編は要人間）
6,n2g-087,87,9単元,〜というより,,,原本番号順の仮配置（機能別再編は要人間）
6,n2g-088,88,9単元,〜といっても,,,原本番号順の仮配置（機能別再編は要人間）
6,n2g-089,89,9単元,〜とおりに,,,原本番号順の仮配置（機能別再編は要人間）
6,n2g-090,90,9単元,〜とか,,,原本番号順の仮配置（機能別再編は要人間）
7,n2g-091,91,10単元,〜どころか,,,原本番号順の仮配置（機能別再編は要人間）
7,n2g-092,92,10単元,〜ところだった,,,原本番号順の仮配置（機能別再編は要人間）
7,n2g-093,93,10単元,〜どころではない,,,原本番号順の仮配置（機能別再編は要人間）
7,n2g-094,94,10単元,〜ところに,,,原本番号順の仮配置（機能別再編は要人間）
7,n2g-095,95,10単元,〜ところを,,,原本番号順の仮配置（機能別再編は要人間）
7,n2g-096,96,10単元,〜としか言いようがない,,,原本番号順の仮配置（機能別再編は要人間）
7,n2g-097,97,10単元,〜としたら/とすれば/とすると,,,原本番号順の仮配置（機能別再編は要人間）
7,n2g-098,98,10単元,〜とともに,,,原本番号順の仮配置（機能別再編は要人間）
7,n2g-099,99,10単元,〜とは限らない,,,原本番号順の仮配置（機能別再編は要人間）
7,n2g-100,100,10単元,〜ないことには,,,原本番号順の仮配置（機能別再編は要人間）
7,n2g-101,101,11単元,〜ないことはない,,,原本番号順の仮配置（機能別再編は要人間）
7,n2g-102,102,11単元,〜ないではない,,,原本番号順の仮配置（機能別再編は要人間）
7,n2g-103,103,11単元,〜ながらも,,,原本番号順の仮配置（機能別再編は要人間）
7,n2g-104,104,11単元,〜なくはない,,,原本番号順の仮配置（機能別再編は要人間）
7,n2g-105,105,11単元,〜ならともかく,,,原本番号順の仮配置（機能別再編は要人間）
8,n2g-106,106,11単元,〜にあたって,,,原本番号順の仮配置（機能別再編は要人間）
8,n2g-107,107,11単元,〜において,,,原本番号順の仮配置（機能別再編は要人間）
8,n2g-108,108,11単元,〜に応じては,,,原本番号順の仮配置（機能別再編は要人間）
8,n2g-109,109,11単元,〜にかかわらず,,,原本番号順の仮配置（機能別再編は要人間）
8,n2g-110,110,11単元,〜に限って,,,原本番号順の仮配置（機能別再編は要人間）
8,n2g-111,111,12単元,〜に限る,,,原本番号順の仮配置（機能別再編は要人間）
8,n2g-112,112,12単元,〜にかけては,,,原本番号順の仮配置（機能別再編は要人間）
8,n2g-113,113,12単元,〜に決まっている,,,原本番号順の仮配置（機能別再編は要人間）
8,n2g-114,114,12単元,〜に加えて,,,原本番号順の仮配置（機能別再編は要人間）
8,n2g-115,115,12単元,〜に越したことはない,,,原本番号順の仮配置（機能別再編は要人間）
8,n2g-116,116,12単元,〜に応えて,,,原本番号順の仮配置（機能別再編は要人間）
8,n2g-117,117,12単元,〜に際して,,,原本番号順の仮配置（機能別再編は要人間）
8,n2g-118,118,12単元,〜に先立って,,,原本番号順の仮配置（機能別再編は要人間）
8,n2g-119,119,12単元,〜に従って,,,原本番号順の仮配置（機能別再編は要人間）
8,n2g-120,120,12単元,〜にしたら,,,原本番号順の仮配置（機能別再編は要人間）
9,n2g-121,121,13単元,〜にしては,,,原本番号順の仮配置（機能別再編は要人間）
9,n2g-122,122,13単元,〜にしても,,,原本番号順の仮配置（機能別再編は要人間）
9,n2g-123,123,13単元,〜に過ぎない,,,原本番号順の仮配置（機能別再編は要人間）
9,n2g-124,124,13単元,〜に相違ない,,,原本番号順の仮配置（機能別再編は要人間）
9,n2g-125,125,13単元,〜に沿って,,,原本番号順の仮配置（機能別再編は要人間）
9,n2g-126,126,13単元,〜に違いない,,,原本番号順の仮配置（機能別再編は要人間）
9,n2g-127,127,13単元,〜につき,,,原本番号順の仮配置（機能別再編は要人間）
9,n2g-128,128,13単元,〜につけ,,,原本番号順の仮配置（機能別再編は要人間）
9,n2g-129,129,13単元,〜に伴って,,,原本番号順の仮配置（機能別再編は要人間）
9,n2g-130,130,13単元,〜に反して,,,原本番号順の仮配置（機能別再編は要人間）
9,n2g-131,131,14単元,〜にほかならない,,,原本番号順の仮配置（機能別再編は要人間）
9,n2g-132,132,14単元,〜にもかかわらず,,,原本番号順の仮配置（機能別再編は要人間）
9,n2g-133,133,14単元,〜に基づいて,,,原本番号順の仮配置（機能別再編は要人間）
9,n2g-134,134,14単元,〜にわたって,,,原本番号順の仮配置（機能別再編は要人間）
9,n2g-135,135,14単元,〜抜きでは,,,原本番号順の仮配置（機能別再編は要人間）
10,n2g-136,136,14単元,〜抜く,,,原本番号順の仮配置（機能別再編は要人間）
10,n2g-137,137,14単元,〜のみならず,,,原本番号順の仮配置（機能別再編は要人間）
10,n2g-138,138,14単元,〜のもとで,,,原本番号順の仮配置（機能別再編は要人間）
10,n2g-139,139,14単元,〜はおろか,,,原本番号順の仮配置（機能別再編は要人間）
10,n2g-140,140,14単元,〜ばかりか,,,原本番号順の仮配置（機能別再編は要人間）
10,n2g-141,141,15単元,〜ばかりに,,,原本番号順の仮配置（機能別再編は要人間）
10,n2g-142,142,15単元,〜はともかくとして,,,原本番号順の仮配置（機能別再編は要人間）
10,n2g-143,143,15単元,〜は別として,,,原本番号順の仮配置（機能別再編は要人間）
10,n2g-144,144,15単元,〜ば〜ほど,,,原本番号順の仮配置（機能別再編は要人間）
10,n2g-145,145,15単元,〜はもちろん/もとより,,,原本番号順の仮配置（機能別再編は要人間）
10,n2g-146,146,15単元,〜反面,,,原本番号順の仮配置（機能別再編は要人間）
10,n2g-147,147,15単元,〜べき,,,原本番号順の仮配置（機能別再編は要人間）
10,n2g-148,148,15単元,〜ほか（は）ない/よりほかはない,,,原本番号順の仮配置（機能別再編は要人間）
10,n2g-149,149,15単元,〜ほど,,,原本番号順の仮配置（機能別再編は要人間）
10,n2g-150,150,15単元,〜まい,,,原本番号順の仮配置（機能別再編は要人間）
11,n2g-151,151,16単元,〜ままに,,,原本番号順の仮配置（機能別再編は要人間）
11,n2g-152,152,16単元,〜もかまわず,,,原本番号順の仮配置（機能別再編は要人間）
11,n2g-153,153,16単元,〜も当然だ,,,原本番号順の仮配置（機能別再編は要人間）
11,n2g-154,154,16単元,〜も〜なら〜も,,,原本番号順の仮配置（機能別再編は要人間）
11,n2g-155,155,16単元,〜ものか/もんか,,,原本番号順の仮配置（機能別再編は要人間）
11,n2g-156,156,16単元,〜ものがある,,,原本番号順の仮配置（機能別再編は要人間）
11,n2g-157,157,16単元,〜ものだ,,,原本番号順の仮配置（機能別再編は要人間）
11,n2g-158,158,16単元,〜ものだから,,,原本番号順の仮配置（機能別再編は要人間）
11,n2g-159,159,16単元,〜ものではない,,,原本番号順の仮配置（機能別再編は要人間）
11,n2g-160,160,16単元,〜ものなら,,,原本番号順の仮配置（機能別再編は要人間）
11,n2g-161,161,17単元,〜ものの,,,原本番号順の仮配置（機能別再編は要人間）
11,n2g-162,162,17単元,〜矢先に,,,原本番号順の仮配置（機能別再編は要人間）
11,n2g-163,163,17単元,〜やら〜やら,,,原本番号順の仮配置（機能別再編は要人間）
11,n2g-164,164,17単元,〜ようがない,,,原本番号順の仮配置（機能別再編は要人間）
11,n2g-165,165,17単元,〜ようで,,,原本番号順の仮配置（機能別再編は要人間）
12,n2g-166,166,17単元,〜ようでは,,,原本番号順の仮配置（機能別再編は要人間）
12,n2g-167,167,17単元,〜ようなら（ば）,,,原本番号順の仮配置（機能別再編は要人間）
12,n2g-168,168,17単元,〜わけがない,,,原本番号順の仮配置（機能別再編は要人間）
12,n2g-169,169,17単元,〜わけだ,,,原本番号順の仮配置（機能別再編は要人間）
12,n2g-170,170,17単元,〜わけではない,,,原本番号順の仮配置（機能別再編は要人間）
12,n2g-171,171,18単元,〜わけにはいかない,,,原本番号順の仮配置（機能別再編は要人間）
12,n2g-172,172,18単元,〜わりには,,,原本番号順の仮配置（機能別再編は要人間）
12,n2g-173,173,18単元,〜を中心に,,,原本番号順の仮配置（機能別再編は要人間）
12,n2g-174,174,18単元,〜を通じて,,,原本番号順の仮配置（機能別再編は要人間）
12,n2g-175,175,18単元,〜を問わず,,,原本番号順の仮配置（機能別再編は要人間）
12,n2g-176,176,18単元,〜を除いては,,,原本番号順の仮配置（機能別再編は要人間）
12,n2g-177,177,18単元,〜をはじめ,,,原本番号順の仮配置（機能別再編は要人間）
12,n2g-178,178,18単元,〜を踏まえて,,,原本番号順の仮配置（機能別再編は要人間）
12,n2g-179,179,18単元,〜をめぐって,,,原本番号順の仮配置（機能別再編は要人間）
12,n2g-180,180,18単元,〜をもとにして,,,原本番号順の仮配置（機能別再編は要人間）
